Variable:,location_id,location_name,cause_id,cause_name,rei_id,rei_name,rei_id,rei_type,sequela_id,sequela_name,sex_id,sex_label,age_group_id,age_group_name,year_id,measure_id,measure_name,metric_id,metric_name,val,upper,lower
Label:,Location ID,Location Name,Cause ID,Cause Name,REI ID,REI Name,REI Type ID,REI type,Sequela ID,Sequela Name,Sex ID,Sex,Age group ID,Age Group Name,Year ID,Measure ID,Measure Name,Metric ID,Metric Name,Value,95% Uncertainty Interval - Upper Bound,95% Uncertainty Interval - Lower Bound
Value coding:,1,Global,294,All causes,169,All risk factors,1,Risk,13,Intestinal perforation due to paratyphoid,1,Male,1,Under 5,1990,1,Deaths,1,Number,,,
,44637,Low SDI,295,"Communicable, maternal, neonatal, and nutritional diseases",202,Environmental/occupational risks,2,Etiology,17,Guillain-Barré syndrome due to upper respiratory infections,2,Female,2,Early Neonatal,1991,2,DALYs (Disability-Adjusted Life Years),2,Percent,,,
,44636,Low-middle SDI,955,HIV/AIDS and sexually transmitted infections,203,Behavioral risks,3,Impairment,18,Acute otitis media,3,Both,3,Late Neonatal,1992,3,YLDs (Years Lived with Disability),3,Rate,,,
,44639,Middle SDI,298,HIV/AIDS,104,Metabolic risks,4,Injury n-codes,19,Acute pneumococcal meningitis,,,4,Post Neonatal,1993,4,YLLs (Years of Life Lost),5,Years,,,
,44634,High-middle SDI,948,HIV/AIDS - Drug-susceptible Tuberculosis,171,Etiologies,,,65,Acute meningococcal meningitis,,,5,1 to 4,1994,5,Prevalence,8,Probability of death,,,
,44635,High SDI,949,HIV/AIDS - Multidrug-resistant Tuberculosis without extensive drug resistance,191,Impairments,,,88,Other acute bacterial meningitis,,,6,5 to 9,1995,6,Incidence,,,,,
,31,"Central Europe, Eastern Europe, and Central Asia",950,HIV/AIDS - Extensively drug-resistant Tuberculosis,362,Injuries,,,250,Metastatic phase of stomach cancer,,,7,10 to 14,1996,25,Maternal mortality ratio,,,,,
,32,Central Asia,300,HIV/AIDS resulting in other diseases,82,"Unsafe water, sanitation, and handwashing",,,251,Terminal phase of stomach cancer,,,8,15 to 19,1997,26,Life expectancy,,,,,
,33,Armenia,393,Sexually transmitted infections excluding HIV,83,Unsafe water source,,,252,Diagnosis and primary therapy phase of liver cancer due to hepatitis B,,,9,20 to 24,1998,27,Probability of death,,,,,
,34,Azerbaijan,394,Syphilis,84,Unsafe sanitation,,,253,Controlled phase of liver cancer due to hepatitis B,,,10,25 to 29,1999,28,HALE (Healthy life expectancy),,,,,
,35,Georgia,395,Chlamydial infection,238,No access to handwashing facility,,,254,Metastatic phase of liver cancer due to hepatitis B,,,11,30 to 34,2000,29,Summary exposure value,,,,,
,36,Kazakhstan,396,Gonococcal infection,85,Air pollution,,,255,Terminal phase of liver cancer due to hepatitis B,,,12,35 to 39,2001,,,,,,,
,37,Kyrgyzstan,397,Trichomoniasis,380,Particulate matter pollution,,,256,Diagnosis and primary therapy phase of liver cancer due to hepatitis C,,,13,40 to 44,2002,,,,,,,
,38,Mongolia,398,Genital herpes,86,Ambient particulate matter pollution,,,257,Controlled phase of liver cancer due to hepatitis C,,,14,45 to 49,2003,,,,,,,
,39,Tajikistan,399,Other sexually transmitted infections,87,Household air pollution from solid fuels,,,258,Metastatic phase of liver cancer due to hepatitis C,,,15,50 to 54,2004,,,,,,,
,40,Turkmenistan,956,Respiratory infections and tuberculosis,88,Ambient ozone pollution,,,259,Terminal phase of liver cancer due to hepatitis C,,,16,55 to 59,2005,,,,,,,
,41,Uzbekistan,297,Tuberculosis,89,Other environmental risks,,,260,Diagnosis and primary therapy phase of liver cancer due to alcohol use,,,17,60 to 64,2006,,,,,,,
,42,Central Europe,954,Latent tuberculosis infection,90,Residential radon,,,261,Controlled phase of liver cancer due to alcohol use,,,18,65 to 69,2007,,,,,,,
,43,Albania,934,Drug-susceptible tuberculosis,91,Lead exposure,,,262,Metastatic phase of liver cancer due to alcohol use,,,19,70 to 74,2008,,,,,,,
,44,Bosnia and Herzegovina,946,Multidrug-resistant tuberculosis without extensive drug resistance,126,Occupational risks,,,263,Terminal phase of liver cancer due to alcohol use,,,20,75 to 79,2009,,,,,,,
,45,Bulgaria,947,Extensively drug-resistant tuberculosis,127,Occupational carcinogens,,,264,Diagnosis and primary therapy phase of liver cancer due to other causes,,,21,80 plus,2010,,,,,,,
,46,Croatia,322,Lower respiratory infections,150,Occupational exposure to asbestos,,,265,Controlled phase of liver cancer due to other causes,,,22,All Ages,2011,,,,,,,
,47,Czech Republic,328,Upper respiratory infections,151,Occupational exposure to arsenic,,,266,Metastatic phase of liver cancer due to other causes,,,23,5-14 years,2012,,,,,,,
,48,Hungary,329,Otitis media,152,Occupational exposure to benzene,,,267,Terminal phase of liver cancer due to other causes,,,24,15-49 years,2013,,,,,,,
,49,Macedonia,957,Enteric infections,153,Occupational exposure to beryllium,,,268,Diagnosis and primary therapy phase of larynx cancer,,,25,50-69 years,2014,,,,,,,
,50,Montenegro,302,Diarrheal diseases,154,Occupational exposure to cadmium,,,269,Controlled phase of larynx cancer,,,26,70+ years,2015,,,,,,,
,51,Poland,958,Typhoid and paratyphoid,155,Occupational exposure to chromium,,,270,Metastatic phase of larynx cancer,,,27,Age-standardized,2016,,,,,,,
,52,Romania,319,Typhoid fever,156,Occupational exposure to diesel engine exhaust,,,271,Terminal phase of larynx cancer,,,28,<1 year,2017,,,,,,,
,53,Serbia,320,Paratyphoid fever,158,Occupational exposure to formaldehyde,,,273,"Diagnosis and primary therapy phase of lung, bronchus, and trachea cancer",,,30,80 to 84,,,,,,,,
,54,Slovakia,959,Invasive Non-typhoidal Salmonella (iNTS),159,Occupational exposure to nickel,,,274,"Controlled phase of lung, bronchus, and trachea cancer",,,31,85 to 89,,,,,,,,
,55,Slovenia,321,Other intestinal infectious diseases,160,Occupational exposure to polycyclic aromatic hydrocarbons,,,275,"Metastatic phase of lung, bronchus, and trachea cancer",,,32,90 to 94,,,,,,,,
,56,Eastern Europe,344,Neglected tropical diseases and malaria,161,Occupational exposure to silica,,,276,"Terminal phase of lung, bronchus, and trachea cancer",,,41,50 to 74 years,,,,,,,,
,57,Belarus,345,Malaria,162,Occupational exposure to sulfuric acid,,,277,Diagnosis and primary therapy phase of breast cancer,,,155,15 to 60,,,,,,,,
,58,Estonia,346,Chagas disease,237,Occupational exposure to trichloroethylene,,,278,Controlled phase of breast cancer,,,158,<20 years,,,,,,,,
,59,Latvia,347,Leishmaniasis,128,Occupational asthmagens,,,279,Metastatic phase of breast cancer,,,159,10 to 24,,,,,,,,
,60,Lithuania,348,Visceral leishmaniasis,129,"Occupational particulate matter, gases, and fumes",,,280,Terminal phase of breast cancer,,,164,Birth,,,,,,,,
,61,Moldova,349,Cutaneous and mucocutaneous leishmaniasis,130,Occupational noise,,,111,Acute viral meningitis,,,169,10 to 54,,,,,,,,
,62,Russian Federation,350,African trypanosomiasis,131,Occupational injuries,,,112,Acute encephalitis,,,172,0 to 9,,,,,,,,
,63,Ukraine,351,Schistosomiasis,132,Occupational ergonomic factors,,,116,Severe tetanus,,,230,60 to 79,,,,,,,,
,64,High-income,352,Cysticercosis,92,Child and maternal malnutrition,,,119,Chickenpox,,,235,95 plus,,,,,,,,
,70,Australasia,353,Cystic echinococcosis,93,Suboptimal breastfeeding,,,120,Herpes zoster,,,284,20 to 54 years,,,,,,,,
,71,Australia,354,Lymphatic filariasis,136,Non-exclusive breastfeeding,,,124,Acute Chagas disease,,,285,55 to 89 years,,,,,,,,
,72,New Zealand,355,Onchocerciasis,137,Discontinued breastfeeding,,,136,Mild schistosomiasis,,,286,60 to 89 years,,,,,,,,
,65,High-income Asia Pacific,356,Trachoma,239,Child growth failure,,,336,Terminal phase of testicular cancer,,,287,65 to 89 years,,,,,,,,
,66,Brunei,357,Dengue,94,Child underweight,,,337,Diagnosis and primary therapy phase of kidney cancer,,,288,70 to 89 years,,,,,,,,
,67,Japan,358,Yellow fever,240,Child wasting,,,338,Controlled phase of kidney cancer,,,289,75 to 94 years,,,,,,,,
,35446,Aichi,359,Rabies,241,Child stunting,,,339,Metastatic phase of kidney cancer,,,,,,,,,,,,
,35428,Akita,360,Intestinal nematode infections,339,Low birth weight and short gestation,,,340,Terminal phase of kidney cancer,,,,,,,,,,,,
,35425,Aomori,361,Ascariasis,334,Short gestation for birth weight,,,341,Diagnosis and primary therapy phase of bladder cancer,,,,,,,,,,,,
,35435,Chiba,362,Trichuriasis,335,Low birth weight for gestation,,,342,Controlled phase of bladder cancer,,,,,,,,,,,,
,35461,Ehime,363,Hookworm disease,95,Iron deficiency,,,343,Metastatic phase of bladder cancer,,,,,,,,,,,,
,35441,Fukui,364,Food-borne trematodiases,96,Vitamin A deficiency,,,344,Terminal phase of bladder cancer,,,,,,,,,,,,
,35463,Fukuoka,405,Leprosy,97,Zinc deficiency,,,346,Diagnosis and primary therapy phase of brain and nervous system cancers,,,,,,,,,,,,
,35430,Fukushima,843,Ebola,98,Tobacco,,,347,Controlled phase of brain and nervous system cancers,,,,,,,,,,,,
,35444,Gifu,935,Zika virus,99,Smoking,,,348,Metastatic phase of brain and nervous system cancers,,,,,,,,,,,,
,35433,Gunma,936,Guinea worm disease,332,Chewing tobacco,,,349,Terminal phase of brain and nervous system cancers,,,,,,,,,,,,
,35457,Hiroshima,365,Other neglected tropical diseases,100,Secondhand smoke,,,350,Diagnosis and primary therapy phase of thyroid cancer,,,,,,,,,,,,
,35424,Hokkaidō,961,Other infectious diseases,102,Alcohol use,,,351,Controlled phase of thyroid cancer,,,,,,,,,,,,
,35451,Hyōgo,332,Meningitis,103,Drug use,,,352,Metastatic phase of thyroid cancer,,,,,,,,,,,,
,35431,Ibaraki,333,Pneumococcal meningitis,110,Dietary risks,,,353,Terminal phase of thyroid cancer,,,,,,,,,,,,
,35440,Ishikawa,334,H influenzae type B meningitis,111,Diet low in fruits,,,464,Other neurological disorders,,,,,,,,,,,,
,35426,Iwate,335,Meningococcal meningitis,112,Diet low in vegetables,,,465,Guillain-Barré syndrome due to other neurological disorders,,,,,,,,,,,,
,35460,Kagawa,336,Other meningitis,333,Diet low in legumes,,,302,Controlled phase of mouth cancer,,,,,,,,,,,,
,35469,Kagoshima,337,Encephalitis,113,Diet low in whole grains,,,303,Metastatic phase of mouth cancer,,,,,,,,,,,,
,35437,Kanagawa,338,Diphtheria,114,Diet low in nuts and seeds,,,304,Terminal phase of mouth cancer,,,,,,,,,,,,
,35462,Kōchi,339,Whooping cough,115,Diet low in milk,,,305,Diagnosis and primary therapy phase of nasopharynx cancer,,,,,,,,,,,,
,35466,Kumamoto,340,Tetanus,116,Diet high in red meat,,,306,Controlled phase of nasopharynx cancer,,,,,,,,,,,,
,35449,Kyōto,341,Measles,117,Diet high in processed meat,,,307,Metastatic phase of nasopharynx cancer,,,,,,,,,,,,
,35447,Mie,342,Varicella and herpes zoster,118,Diet high in sugar-sweetened beverages,,,308,Terminal phase of nasopharynx cancer,,,,,,,,,,,,
,35427,Miyagi,400,Acute hepatitis,119,Diet low in fiber,,,309,Diagnosis and primary therapy phase of other pharynx cancer,,,,,,,,,,,,
,35468,Miyazaki,401,Acute hepatitis A,147,Diet low in calcium,,,310,Controlled phase of other pharynx cancer,,,,,,,,,,,,
,35443,Nagano,402,Acute hepatitis B,121,Diet low in seafood omega-3 fatty acids,,,311,Metastatic phase of other pharynx cancer,,,,,,,,,,,,
,35465,Nagasaki,403,Acute hepatitis C,122,Diet low in polyunsaturated fatty acids,,,312,Terminal phase of other pharynx cancer,,,,,,,,,,,,
,35452,Nara,404,Acute hepatitis E,123,Diet high in trans fatty acids,,,313,Diagnosis and primary therapy phase of gallbladder and biliary tract cancer,,,,,,,,,,,,
,35438,Niigata,408,Other unspecified infectious diseases,124,Diet high in sodium,,,314,Controlled phase of gallbladder and biliary tract cancer,,,,,,,,,,,,
,35467,Ōita,962,Maternal and neonatal disorders,135,Intimate partner violence,,,315,Metastatic phase of gallbladder and biliary tract cancer,,,,,,,,,,,,
,35456,Okayama,366,Maternal disorders,381,Childhood maltreatment,,,316,Terminal phase of gallbladder and biliary tract cancer,,,,,,,,,,,,
,35470,Okinawa,367,Maternal hemorrhage,134,Childhood sexual abuse,,,317,Diagnosis and primary therapy phase of pancreatic cancer,,,,,,,,,,,,
,35450,Ōsaka,368,Maternal sepsis and other maternal infections,363,Bullying victimization,,,318,Controlled phase of pancreatic cancer,,,,,,,,,,,,
,35464,Saga,369,Maternal hypertensive disorders,170,Unsafe sex,,,319,Metastatic phase of pancreatic cancer,,,,,,,,,,,,
,35434,Saitama,370,Maternal obstructed labor and uterine rupture,125,Low physical activity,,,320,Terminal phase of pancreatic cancer,,,,,,,,,,,,
,35448,Shiga,995,Maternal abortion and miscarriage,105,High fasting plasma glucose,,,321,Diagnosis and primary therapy phase of malignant skin melanoma,,,,,,,,,,,,
,35455,Shimane,374,Ectopic pregnancy,367,High LDL cholesterol,,,322,Controlled phase of malignant skin melanoma,,,,,,,,,,,,
,35445,Shizuoka,375,Indirect maternal deaths,107,High systolic blood pressure,,,323,Metastatic phase of malignant skin melanoma,,,,,,,,,,,,
,35432,Tochigi,376,Late maternal deaths,108,High body-mass index,,,324,Terminal phase of malignant skin melanoma,,,,,,,,,,,,
,35459,Tokushima,741,Maternal deaths aggravated by HIV/AIDS,109,Low bone mineral density,,,329,Diagnosis and primary therapy phase of ovarian cancer,,,,,,,,,,,,
,35436,Tōkyō,379,Other maternal disorders,341,Impaired kidney function,,,330,Controlled phase of ovarian cancer,,,,,,,,,,,,
,35454,Tottori,380,Neonatal disorders,172,Diarrheal disease etiologies,,,331,Metastatic phase of ovarian cancer,,,,,,,,,,,,
,35439,Toyama,381,Neonatal preterm birth,173,Cholera,,,332,Terminal phase of ovarian cancer,,,,,,,,,,,,
,35453,Wakayama,382,Neonatal encephalopathy due to birth asphyxia and trauma,174,Non-typhoidal Salmonella,,,333,Diagnosis and primary therapy phase of testicular cancer,,,,,,,,,,,,
,35429,Yamagata,383,Neonatal sepsis and other neonatal infections,175,Shigella,,,334,Controlled phase of testicular cancer,,,,,,,,,,,,
,35458,Yamaguchi,384,Hemolytic disease and other neonatal jaundice,176,Enteropathogenic E coli,,,335,Metastatic phase of testicular cancer,,,,,,,,,,,,
,35442,Yamanashi,385,Other neonatal disorders,177,Enterotoxigenic E coli,,,282,Diagnosis and primary therapy phase of cervical cancer,,,,,,,,,,,,
,68,South Korea,386,Nutritional deficiencies,178,Campylobacter,,,283,Controlled phase of cervical cancer,,,,,,,,,,,,
,69,Singapore,387,Protein-energy malnutrition,179,Entamoeba,,,284,Metastatic phase of cervical cancer,,,,,,,,,,,,
,100,High-income North America,388,Iodine deficiency,180,Cryptosporidium,,,285,Terminal phase of cervical cancer,,,,,,,,,,,,
,101,Canada,389,Vitamin A deficiency,181,Rotavirus,,,286,Diagnosis and primary therapy phase of uterine cancer,,,,,,,,,,,,
,349,Greenland,390,Dietary iron deficiency,182,Aeromonas,,,287,Controlled phase of uterine cancer,,,,,,,,,,,,
,102,United States,391,Other nutritional deficiencies,183,Clostridium difficile,,,288,Metastatic phase of uterine cancer,,,,,,,,,,,,
,523,Alabama,409,Non-communicable diseases,184,Norovirus,,,289,Terminal phase of uterine cancer,,,,,,,,,,,,
,524,Alaska,410,Neoplasms,185,Adenovirus,,,290,Diagnosis and primary therapy phase of prostate cancer,,,,,,,,,,,,
,525,Arizona,444,Lip and oral cavity cancer,186,Lower respiratory infection etiologies,,,291,Controlled phase of prostate cancer,,,,,,,,,,,,
,526,Arkansas,447,Nasopharynx cancer,187,Influenza,,,292,Metastatic phase of prostate cancer,,,,,,,,,,,,
,527,California,450,Other pharynx cancer,188,Pneumococcal pneumonia,,,293,Terminal phase of prostate cancer,,,,,,,,,,,,
,528,Colorado,411,Esophageal cancer,189,H influenzae type B,,,296,Diagnosis and primary therapy phase of colon and rectum cancers,,,,,,,,,,,,
,529,Connecticut,414,Stomach cancer,190,Respiratory syncytial virus,,,297,Controlled phase of colon and rectum cancers,,,,,,,,,,,,
,530,Delaware,441,Colon and rectum cancer,192,Anemia,,,298,Metastatic phase of colon and rectum cancers,,,,,,,,,,,,
,531,District of Columbia,417,Liver cancer,205,Mild anemia,,,299,Terminal phase of colon and rectum cancers,,,,,,,,,,,,
,532,Florida,418,Liver cancer due to hepatitis B,206,Moderate anemia,,,301,Diagnosis and primary therapy phase of mouth cancer,,,,,,,,,,,,
,533,Georgia,419,Liver cancer due to hepatitis C,207,Severe anemia,,,42,Acute H influenzae type B meningitis,,,,,,,,,,,,
,534,Hawaii,420,Liver cancer due to alcohol use,193,Epilepsy,,,200,Visible goiter without symptoms,,,,,,,,,,,,
,535,Idaho,996,Liver cancer due to NASH,208,Treated epilepsy,,,668,Guillain-Barré syndrome due to diarrheal diseases,,,,,,,,,,,,
,536,Illinois,421,Liver cancer due to other causes,209,Moderate epilepsy,,,671,Guillain-Barré syndrome due to lower respiratory infections,,,,,,,,,,,,
,537,Indiana,453,Gallbladder and biliary tract cancer,210,Severe epilepsy,,,672,Other fungal skin diseases,,,,,,,,,,,,
,538,Iowa,456,Pancreatic cancer,194,Guillain-Barré syndrome,,,675,Infertility due to puerperal sepsis,,,,,,,,,,,,
,539,Kansas,423,Larynx cancer,195,Hearing loss,,,834,"Cirrhosis and other chronic liver diseases due to alcohol, decompensated",,,,,,,,,,,,
,540,Kentucky,426,"Tracheal, bronchus, and lung cancer",211,Mild hearing loss,,,835,"Cirrhosis and other chronic liver diseases due to hepatitis B, decompensated",,,,,,,,,,,,
,541,Louisiana,459,Malignant skin melanoma,212,Moderate hearing loss,,,836,"Cirrhosis and other chronic liver diseases due to hepatitis C, decompensated",,,,,,,,,,,,
,542,Maine,462,Non-melanoma skin cancer,213,Moderately severe hearing loss,,,837,"Cirrhosis and other chronic liver diseases due to other cause, decompensated",,,,,,,,,,,,
,543,Maryland,849,Non-melanoma skin cancer (squamous-cell carcinoma),214,Severe hearing loss,,,243,Guillain-Barré syndrome due to other infectious diseases,,,,,,,,,,,,
,544,Massachusetts,850,Non-melanoma skin cancer (basal-cell carcinoma),215,Profound hearing loss,,,244,Diagnosis and primary therapy phase of esophageal cancer,,,,,,,,,,,,
,545,Michigan,429,Breast cancer,216,Complete hearing loss,,,245,Controlled phase of esophageal cancer,,,,,,,,,,,,
,546,Minnesota,432,Cervical cancer,196,Heart failure,,,246,Metastatic phase of esophageal cancer,,,,,,,,,,,,
,547,Mississippi,435,Uterine cancer,217,Mild heart failure,,,247,Terminal phase of esophageal cancer,,,,,,,,,,,,
,548,Missouri,465,Ovarian cancer,218,Moderate heart failure,,,248,Diagnosis and primary therapy phase of stomach cancer,,,,,,,,,,,,
,549,Montana,438,Prostate cancer,219,Severe heart failure,,,249,Controlled phase of stomach cancer,,,,,,,,,,,,
,550,Nebraska,468,Testicular cancer,379,Treated heart failure,,,409,Acute myocarditis,,,,,,,,,,,,
,551,Nevada,471,Kidney cancer,198,Infertility,,,902,Chronic hepatitis B without cirrhosis,,,,,,,,,,,,
,552,New Hampshire,474,Bladder cancer,220,Primary infertility,,,903,Chronic hepatitis C without cirrhosis,,,,,,,,,,,,
,553,New Jersey,477,Brain and nervous system cancer,221,Secondary infertility,,,913,Symptomatic atrial fibrillation and flutter,,,,,,,,,,,,
,554,New Mexico,480,Thyroid cancer,197,Developmental intellectual disability,,,935,Asymptomatic Chagas disease,,,,,,,,,,,,
,555,New York,483,Mesothelioma,236,Borderline intellectual disability,,,954,Ulcerative colitis,,,,,,,,,,,,
,556,North Carolina,484,Hodgkin lymphoma,222,Mild intellectual disability,,,955,Crohn's disease,,,,,,,,,,,,
,557,North Dakota,485,Non-Hodgkin lymphoma,223,Moderate intellectual disability,,,956,Asymptomatic onchocerciasis,,,,,,,,,,,,
,558,Ohio,486,Multiple myeloma,224,Severe intellectual disability,,,957,Asymptomatic ascariasis,,,,,,,,,,,,
,559,Oklahoma,487,Leukemia,225,Profound intellectual disability,,,958,Asymptomatic trichuriasis,,,,,,,,,,,,
,560,Oregon,845,Acute lymphoid leukemia,199,Pelvic inflammatory disease,,,964,Asymptomatic peripheral arterial disease,,,,,,,,,,,,
,561,Pennsylvania,846,Chronic lymphoid leukemia,226,Moderate pelvic inflammatory disease,,,1112,Asymptomatic yellow fever,,,,,,,,,,,,
,562,Rhode Island,847,Acute myeloid leukemia,227,Severe pelvic inflammatory disease,,,1116,"Rheumatic heart disease, without heart failure ",,,,,,,,,,,,
,563,South Carolina,848,Chronic myeloid leukemia,200,Blindness and vision impairment,,,974,Asymptomatic hookworm disease,,,,,,,,,,,,
,564,South Dakota,943,Other leukemia,228,Mild vision loss,,,1184,Ebola cases,,,,,,,,,,,,
,565,Tennessee,489,Other malignant neoplasms,229,Moderate vision loss,,,1185,Post-Ebola chronic fatigue syndrome,,,,,,,,,,,,
,566,Texas,490,Other neoplasms,230,Severe vision loss,,,1186,Diagnosis and primary therapy phase of acute lymphoid leukemia,,,,,,,,,,,,
,567,Utah,964,"Myelodysplastic, myeloproliferative, and other hematopoietic neoplasms",231,Blindness,,,1187,Diagnosis and primary therapy phase of acute myeloid leukemia,,,,,,,,,,,,
,568,Vermont,965,Benign and in situ intestinal neoplasms,232,Monocular vision loss,,,1188,Diagnosis and primary therapy phase of chronic lymphoid leukemia,,,,,,,,,,,,
,569,Virginia,966,Benign and in situ cervical and uterine neoplasms,233,Presbyopia,,,1189,Diagnosis and primary therapy phase of chronic myeloid leukemia,,,,,,,,,,,,
,570,Washington,967,Other benign and in situ neoplasms,298,Amputations,,,1190,Controlled phase of acute lymphoid leukemia,,,,,,,,,,,,
,571,West Virginia,491,Cardiovascular diseases,250,"Amputation of lower limbs, bilateral",,,1191,Controlled phase of acute myeloid leukemia,,,,,,,,,,,,
,572,Wisconsin,492,Rheumatic heart disease,261,"Amputation of upper limbs, bilateral",,,1192,Controlled phase of chronic lymphoid leukemia,,,,,,,,,,,,
,573,Wyoming,493,Ischemic heart disease,272,Amputation of fingers (excluding thumb),,,1193,Controlled phase of chronic myeloid leukemia,,,,,,,,,,,,
,96,Southern Latin America,494,Stroke,283,"Amputation of lower limb, unilateral",,,1194,Metastatic phase of acute lymphoid leukemia,,,,,,,,,,,,
,97,Argentina,495,Ischemic stroke,293,"Amputation of upper limb, unilateral",,,1195,Metastatic phase of acute myeloid leukemia,,,,,,,,,,,,
,98,Chile,496,Intracerebral hemorrhage,294,Amputation of thumb,,,1196,Metastatic phase of chronic lymphoid leukemia,,,,,,,,,,,,
,99,Uruguay,497,Subarachnoid hemorrhage,295,Amputation of toe/toes,,,1197,Metastatic phase of chronic myeloid leukemia,,,,,,,,,,,,
,73,Western Europe,498,Hypertensive heart disease,299,Burns,,,1198,Terminal phase of acute lymphoid leukemia,,,,,,,,,,,,
,74,Andorra,504,Non-rheumatic valvular heart disease,251,Lower airway burns,,,1199,Terminal phase of acute myeloid leukemia,,,,,,,,,,,,
,75,Austria,968,Non-rheumatic calcific aortic valve disease,296,"Burns, <20% total burned surface area without lower airway burns",,,1200,Terminal phase of chronic lymphoid leukemia,,,,,,,,,,,,
,76,Belgium,969,Non-rheumatic degenerative mitral valve disease,297,"Burns, >=20% total burned surface area or >= 10% burned surface area if head/neck or hands/wrist involved w/o lower airway burns",,,1201,Terminal phase of chronic myeloid leukemia,,,,,,,,,,,,
,77,Cyprus,970,Other non-rheumatic valve diseases,300,Fractures,,,1481,Metastatic phase of other leukemia,,,,,,,,,,,,
,78,Denmark,499,Cardiomyopathy and myocarditis,256,"Fracture of clavicle, scapula, or humerus",,,1484,Diagnosis and primary therapy phase of other leukemia,,,,,,,,,,,,
,79,Finland,942,Myocarditis,257,Fracture of face bones,,,1487,Terminal phase of other leukemia,,,,,,,,,,,,
,80,France,938,Alcoholic cardiomyopathy,258,Fracture of foot bones except ankle,,,1490,Controlled phase of other leukemia,,,,,,,,,,,,
,81,Germany,944,Other cardiomyopathy,259,Fracture of hand (wrist and other distal part of hand),,,1904,Severe motor and cognitive impairment due to anencephaly,,,,,,,,,,,,
,82,Greece,500,Atrial fibrillation and flutter,260,Fracture of hip,,,5441,Uncomplicated diabetes mellitus type 1,,,,,,,,,,,,
,83,Iceland,501,Aortic aneurysm,262,"Fracture of patella, tibia or fibula, or ankle",,,5465,Uncomplicated diabetes mellitus type 2,,,,,,,,,,,,
,84,Ireland,502,Peripheral artery disease,263,Fracture of pelvis,,,5477,Non-alcoholic fatty liver disease (NAFLD) / Non-alcoholic steatohepatitis (NASH),,,,,,,,,,,,
,85,Israel,503,Endocarditis,264,Fracture of radius and/or ulna,,,2189,Asymptomatic vitamin A deficiency,,,,,,,,,,,,
,86,Italy,507,Other cardiovascular and circulatory diseases,265,Fracture of skull,,,2660,Chronic other sense organ diseases,,,,,,,,,,,,
,87,Luxembourg,508,Chronic respiratory diseases,266,Fracture of sternum and/or fracture of one or more ribs,,,5135,"Cirrhosis and other chronic liver diseases due to hepatitis B, compensated",,,,,,,,,,,,
,88,Malta,509,Chronic obstructive pulmonary disease,267,Fracture of vertebral column,,,5138,"Cirrhosis and other chronic liver diseases due to hepatitis C, compensated",,,,,,,,,,,,
,89,Netherlands,510,Pneumoconiosis,268,"Fracture of femur, other than femoral neck",,,5141,"Cirrhosis and other chronic liver diseases due to alcohol, compensated",,,,,,,,,,,,
,90,Norway,511,Silicosis,301,Head Injuries,,,5144,"Cirrhosis and other chronic liver diseases due to other cause, compensated",,,,,,,,,,,,
,91,Portugal,512,Asbestosis,269,Minor TBI,,,5159,Other infectious diseases,,,,,,,,,,,,
,92,Spain,513,Coal workers pneumoconiosis,270,Moderate/Severe TBI,,,5162,Other congenital birth defects,,,,,,,,,,,,
,93,Sweden,514,Other pneumoconiosis,302,Spinal Injuries,,,149,Prevalence of detectable microfiliaria due to lymphatic filariasis,,,,,,,,,,,,
,4944,Stockholm,515,Asthma,276,Spinal cord lesion at neck level,,,159,Post-dengue chronic fatigue syndrome,,,,,,,,,,,,
,4940,Sweden except Stockholm,516,Interstitial lung disease and pulmonary sarcoidosis,277,Spinal cord lesion below neck level,,,176,Acute infection due to other neglected tropical diseases,,,,,,,,,,,,
,94,Switzerland,520,Other chronic respiratory diseases,303,Minor Injuries,,,5621,Acute pancreatitis,,,,,,,,,,,,
,95,United Kingdom,526,Digestive diseases,255,"Muscle and tendon injuries, including sprains and strains lesser dislocations",,,5765,"Controlled, medically managed heart failure due to other non-rheumatic valve disease",,,,,,,,,,,,
,4749,England,521,Cirrhosis and other chronic liver diseases,273,Foreign body in ear,,,5864,Diagnosis and primary therapy phase of other malignant neoplasms,,,,,,,,,,,,
,4621,East Midlands,522,Cirrhosis and other chronic liver diseases due to hepatitis B,284,Open wound(s),,,5867,Controlled phase of other malignant neoplasms,,,,,,,,,,,,
,4623,East of England,523,Cirrhosis and other chronic liver diseases due to hepatitis C,288,Contusion in any part of the body,,,5870,Metastatic phase of other malignant neoplasms,,,,,,,,,,,,
,4624,Greater London,524,Cirrhosis and other chronic liver diseases due to alcohol use,291,Superficial injury of any part of the body,,,5873,Terminal phase of other malignant neoplasms,,,,,,,,,,,,
,4618,North East England,971,Cirrhosis due to NASH,304,Other Injuries,,,6098,Acute endocarditis,,,,,,,,,,,,
,4619,North West England,525,Cirrhosis and other chronic liver diseases due to other causes,252,Dislocation of hip,,,6113,Acute intracerebral hemorrhage,,,,,,,,,,,,
,4625,South East England,992,Upper digestive system diseases,253,Dislocation of knee,,,6116,Acute ischemic stroke,,,,,,,,,,,,
,4626,South West England,527,Peptic ulcer disease,254,Dislocation of shoulder,,,6125,Acute other sense organ diseases,,,,,,,,,,,,
,4622,West Midlands,528,Gastritis and duodenitis,274,Foreign body in respiratory system,,,6131,Acute subarachnoid hemorrhage,,,,,,,,,,,,
,4620,Yorkshire and the Humber,536,Gastroesophageal reflux disease,275,Foreign body in GI and urogenital system,,,188,"Obstructed labor, acute event",,,,,,,,,,,,
,433,Northern Ireland,529,Appendicitis,278,Drowning and nonfatal submersion,,,354,Diagnosis and primary therapy phase of mesothelioma,,,,,,,,,,,,
,434,Scotland,530,Paralytic ileus and intestinal obstruction,279,Asphyxiation,,,355,Controlled phase of mesothelioma,,,,,,,,,,,,
,4636,Wales,531,"Inguinal, femoral, and abdominal hernia",280,Crush injury,,,356,Metastatic phase of mesothelioma,,,,,,,,,,,,
,103,Latin America and Caribbean,532,Inflammatory bowel disease,281,Nerve injury,,,357,Terminal phase of mesothelioma,,,,,,,,,,,,
,120,Andean Latin America,533,Vascular intestinal disorders,282,Injury to eyes,,,358,Diagnosis and primary therapy phase of Hodgkin disease,,,,,,,,,,,,
,121,Bolivia,534,Gallbladder and biliary diseases,285,Poisoning requiring urgent care,,,359,Controlled phase of Hodgkin disease,,,,,,,,,,,,
,122,Ecuador,535,Pancreatitis,286,Severe chest Injury,,,360,Metastatic phase of Hodgkin disease,,,,,,,,,,,,
,123,Peru,541,Other digestive diseases,287,Internal hemorrhage in abdomen and pelvis,,,361,Terminal phase of Hodgkin disease,,,,,,,,,,,,
,104,Caribbean,542,Neurological disorders,289,Effect of different environmental factors,,,362,Diagnosis and primary therapy phase of non-Hodgkin lymphoma,,,,,,,,,,,,
,105,Antigua and Barbuda,543,Alzheimer's disease and other dementias,290,Complications following therapeutic procedures,,,363,Controlled phase of non-Hodgkin lymphoma,,,,,,,,,,,,
,106,The Bahamas,544,Parkinson's disease,292,"Multiple fractures, dislocations, crashes, wounds, pains, and strains",,,364,Metastatic phase of non-Hodgkin lymphoma,,,,,,,,,,,,
,107,Barbados,545,Epilepsy,,,,,365,Terminal phase of non-Hodgkin lymphoma,,,,,,,,,,,,
,108,Belize,546,Multiple sclerosis,,,,,366,Diagnosis and primary therapy phase of multiple myeloma,,,,,,,,,,,,
,305,Bermuda,554,Motor neuron disease,,,,,367,Controlled phase of multiple myeloma,,,,,,,,,,,,
,109,Cuba,972,Headache disorders,,,,,368,Metastatic phase of multiple myeloma,,,,,,,,,,,,
,110,Dominica,547,Migraine,,,,,369,Terminal phase of multiple myeloma,,,,,,,,,,,,
,111,Dominican Republic,548,Tension-type headache,,,,,6647,Neonatal sepsis and other neonatal infection complications,,,,,,,,,,,,
,112,Grenada,557,Other neurological disorders,,,,,6650,Neonatal sepsis and other neonatal infection episode,,,,,,,,,,,,
,113,Guyana,558,Mental disorders,,,,,6653,Neonatal tetanus complications,,,,,,,,,,,,
,114,Haiti,559,Schizophrenia,,,,,6662,Non-rheumatic calcific aortic valve disease,,,,,,,,,,,,
,115,Jamaica,567,Depressive disorders,,,,,6665,Non-rheumatic degenerative mitral valve disease,,,,,,,,,,,,
,385,Puerto Rico,568,Major depressive disorder,,,,,6671,Osteoarthritis of the hip,,,,,,,,,,,,
,116,Saint Lucia,569,Dysthymia,,,,,6674,Osteoarthritis of the knee,,,,,,,,,,,,
,117,Saint Vincent and the Grenadines,570,Bipolar disorder,,,,,6677,Other cardiovascular and circulatory disease episodes,,,,,,,,,,,,
,118,Suriname,571,Anxiety disorders,,,,,6683,Other congenital heart anomalies,,,,,,,,,,,,
,119,Trinidad and Tobago,572,Eating disorders,,,,,6686,Other gynecological diseases,,,,,,,,,,,,
,422,"Virgin Islands, U.S.",573,Anorexia nervosa,,,,,6689,Other gynecological diseases with anemia,,,,,,,,,,,,
,124,Central Latin America,574,Bulimia nervosa,,,,,6716,Other pneumoconiosis without heart failure,,,,,,,,,,,,
,125,Colombia,575,Autism spectrum disorders,,,,,6734,Paratyphoid fever episode,,,,,,,,,,,,
,126,Costa Rica,578,Attention-deficit/hyperactivity disorder,,,,,6767,Preterm birth complications,,,,,,,,,,,,
,127,El Salvador,579,Conduct disorder,,,,,6773,Retinopathy of prematurity,,,,,,,,,,,,
,128,Guatemala,582,Idiopathic developmental intellectual disability,,,,,6779,Schistosomiasis complications,,,,,,,,,,,,
,129,Honduras,585,Other mental disorders,,,,,6788,Severe congenital heart anomalies excluding single ventricle heart defects,,,,,,,,,,,,
,130,Mexico,973,Substance use disorders,,,,,6797,Silicosis without heart failure,,,,,,,,,,,,
,4643,Aguascalientes,560,Alcohol use disorders,,,,,594,Impetigo,,,,,,,,,,,,
,4644,Baja California,561,Drug use disorders,,,,,595,Abscess and other bacterial skin diseases,,,,,,,,,,,,
,4645,Baja California Sur,562,Opioid use disorders,,,,,597,Tinea capitis,,,,,,,,,,,,
,4646,Campeche,563,Cocaine use disorders,,,,,6452,Heart failure due to other cardiovascular diseases,,,,,,,,,,,,
,4649,Chiapas,564,Amphetamine use disorders,,,,,6458,Heart failure due to other pneumoconiosis,,,,,,,,,,,,
,4650,Chihuahua,565,Cannabis use disorders,,,,,6461,Heart failure due to rheumatic heart disease,,,,,,,,,,,,
,4647,Coahuila,566,Other drug use disorders,,,,,6464,Heart failure due to silicosis,,,,,,,,,,,,
,4648,Colima,974,Diabetes and kidney diseases,,,,,6485,HIV/AIDS not on antiretroviral treatment without Tuberculosis,,,,,,,,,,,,
,4652,Durango,587,Diabetes mellitus,,,,,6488,HIV/AIDS on antiretroviral treatment without Tuberculosis,,,,,,,,,,,,
,4653,Guanajuato,975,Diabetes mellitus type 1,,,,,6494,Hookworm disease complications,,,,,,,,,,,,
,4654,Guerrero,976,Diabetes mellitus type 2,,,,,6503,Impotence and Incontinence after 10-year survival from prostate cancer,,,,,,,,,,,,
,4655,Hidalgo,589,Chronic kidney disease,,,,,6521,Interstitial lung disease and pulmonary sarcoidosis without heart failure,,,,,,,,,,,,
,4656,Jalisco,997,Chronic kidney disease due to diabetes mellitus type 1,,,,,6563,Low back pain with leg pain,,,,,,,,,,,,
,4657,México,998,Chronic kidney disease due to diabetes mellitus type 2,,,,,6566,Low back pain without leg pain,,,,,,,,,,,,
,4651,Mexico City,591,Chronic kidney disease due to hypertension,,,,,6569,Lower respiratory infection episode,,,,,,,,,,,,
,4658,Michoacán de Ocampo,592,Chronic kidney disease due to glomerulonephritis,,,,,6572,Lymphatic filariasis complications,,,,,,,,,,,,
,4659,Morelos,593,Chronic kidney disease due to other and unspecified causes,,,,,6578,Malaria complications,,,,,,,,,,,,
,4660,Nayarit,588,Acute glomerulonephritis,,,,,6581,Malaria episode,,,,,,,,,,,,
,4661,Nuevo León,653,Skin and subcutaneous diseases,,,,,6590,Maternal hemorrhage complications,,,,,,,,,,,,
,4662,Oaxaca,654,Dermatitis,,,,,6593,Maternal hemorrhage episode,,,,,,,,,,,,
,4663,Puebla,977,Atopic dermatitis,,,,,6596,Maternal hypertensive disorder complications,,,,,,,,,,,,
,4664,Querétaro,978,Contact dermatitis,,,,,6599,Maternal hypertensive disorder episode,,,,,,,,,,,,
,4665,Quintana Roo,979,Seborrhoeic dermatitis,,,,,6602,Maternal obstructed labor complications,,,,,,,,,,,,
,4666,San Luis Potosí,655,Psoriasis,,,,,6608,Maternal sepsis and other maternal infection episode,,,,,,,,,,,,
,4667,Sinaloa,980,Bacterial skin diseases,,,,,6614,Medication overuse headache due to migraine,,,,,,,,,,,,
,4668,Sonora,656,Cellulitis,,,,,6617,Medication overuse headache due to tension-type headache,,,,,,,,,,,,
,4669,Tabasco,657,Pyoderma,,,,,6623,Migraine,,,,,,,,,,,,
,4670,Tamaulipas,658,Scabies,,,,,6635,Myocardial infarction due to ischemic heart disease,,,,,,,,,,,,
,4671,Tlaxcala,659,Fungal skin diseases,,,,,22802,Congenital limb deficiency,,,,,,,,,,,,
,4672,Veracruz de Ignacio de la Llave,660,Viral skin diseases,,,,,22805,Other congenital musculoskeletal anomalies,,,,,,,,,,,,
,4673,Yucatán,661,Acne vulgaris,,,,,6137,Alcohol dependence,,,,,,,,,,,,
,4674,Zacatecas,662,Alopecia areata,,,,,6146,"Anemia due to endocrine, metabolic, blood, and immune disorders",,,,,,,,,,,,
,131,Nicaragua,663,Pruritus,,,,,6149,Anemia due to hookworm disease,,,,,,,,,,,,
,132,Panama,664,Urticaria,,,,,6155,Anemia due to other infectious diseases,,,,,,,,,,,,
,133,Venezuela,665,Decubitus ulcer,,,,,6158,Anemia due to other neglected tropical diseases,,,,,,,,,,,,
,134,Tropical Latin America,668,Other skin and subcutaneous diseases,,,,,6161,Anemia due to schistosomiasis,,,,,,,,,,,,
,135,Brazil,669,Sense organ diseases,,,,,6167,Angina due to ischemic heart disease,,,,,,,,,,,,
,4750,Acre,981,Blindness and vision impairment,,,,,6851,Stage V chronic kidney disease due to hypertension,,,,,,,,,,,,
,4751,Alagoas,670,Glaucoma,,,,,6854,Stage V chronic kidney disease due to other causes,,,,,,,,,,,,
,4753,Amapá,671,Cataract,,,,,6863,Symptomatic asthma,,,,,,,,,,,,
,4752,Amazonas,672,Age-related macular degeneration,,,,,6866,Symptomatic chronic Chagas infection,,,,,,,,,,,,
,4754,Bahia,999,Refraction disorders,,,,,6869,Tension-type headache,,,,,,,,,,,,
,4755,Ceará,1000,Near vision loss,,,,,6872,Tertiary syphilis,,,,,,,,,,,,
,4756,Distrito Federal,675,Other vision loss,,,,,6896,Trichuriasis complications,,,,,,,,,,,,
,4757,Espírito Santo,674,Age-related and other hearing loss,,,,,6899,Trypanosomiasis Gambiense,,,,,,,,,,,,
,4758,Goiás,679,Other sense organ diseases,,,,,6902,Trypanosomiasis Rhodesiense,,,,,,,,,,,,
,4759,Maranhão,626,Musculoskeletal disorders,,,,,6908,Typhoid fever complications,,,,,,,,,,,,
,4762,Mato Grosso,627,Rheumatoid arthritis,,,,,6911,Typhoid fever episode,,,,,,,,,,,,
,4761,Mato Grosso do Sul,628,Osteoarthritis,,,,,6914,Uncomplicated preterm birth,,,,,,,,,,,,
,4760,Minas Gerais,630,Low back pain,,,,,6926,Upper respiratory infection episode,,,,,,,,,,,,
,4763,Pará,631,Neck pain,,,,,6950,Ventricular septal defect and atrial septal defect,,,,,,,,,,,,
,4764,Paraíba,632,Gout,,,,,6965,Vision loss due to onchocerciasis ,,,,,,,,,,,,
,4765,Paraná,639,Other musculoskeletal disorders,,,,,6971,Vitamin A deficiency complications,,,,,,,,,,,,
,4766,Pernambuco,640,Other non-communicable diseases,,,,,6974,Vitamin A deficiency with anemia,,,,,,,,,,,,
,4767,Piaui,641,Congenital birth defects,,,,,6977,Yellow fever episode,,,,,,,,,,,,
,4768,Rio de Janeiro,642,Neural tube defects,,,,,6980,Zika virus complications,,,,,,,,,,,,
,4769,Rio Grande do Norte,643,Congenital heart anomalies,,,,,6983,Zika virus episode,,,,,,,,,,,,
,4772,Rio Grande do Sul,644,Orofacial clefts,,,,,6986,Encephalitis complications,,,,,,,,,,,,
,4770,Rondônia,645,Down syndrome,,,,,6989,H Influenza type B meningitis complications,,,,,,,,,,,,
,4771,Roraima,646,Turner syndrome,,,,,6992,Meningococcal meningitis complications,,,,,,,,,,,,
,4773,Santa Catarina,647,Klinefelter syndrome,,,,,6995,Other bacterial meningitis complications,,,,,,,,,,,,
,4775,São Paulo,648,Other chromosomal abnormalities,,,,,6998,Pneumococcal meningitis complications,,,,,,,,,,,,
,4774,Sergipe,649,Congenital musculoskeletal and limb anomalies,,,,,5492,"Mastectomy from breast cancer, beyond 10 years",,,,,,,,,,,,
,4776,Tocantins,650,Urogenital congenital anomalies,,,,,5516,"Laryngectomy from larynx cancer, beyond 10 years",,,,,,,,,,,,
,136,Paraguay,651,Digestive congenital anomalies,,,,,5525,"Stoma from colon and rectum cancers, beyond 10 years",,,,,,,,,,,,
,137,North Africa and Middle East,652,Other congenital birth defects,,,,,5534,"Incontinence from bladder cancer, beyond 10 years",,,,,,,,,,,,
,138,North Africa and Middle East,594,Urinary diseases and male infertility,,,,,5540,Albuminuria with preserved GFR due to type 1 diabetes mellitus,,,,,,,,,,,,
,160,Afghanistan,595,Urinary tract infections,,,,,5543,Albuminuria with preserved GFR due to type 2 diabetes mellitus,,,,,,,,,,,,
,139,Algeria,596,Urolithiasis,,,,,5546,Albuminuria with preserved GFR due to hypertension,,,,,,,,,,,,
,140,Bahrain,597,Benign prostatic hyperplasia,,,,,5549,Albuminuria with preserved GFR due to glomerulonephritis,,,,,,,,,,,,
,141,Egypt,598,Male infertility,,,,,5552,Albuminuria with preserved GFR due to other and unspecified causes,,,,,,,,,,,,
,142,Iran,602,Other urinary diseases,,,,,6416,Heart failure due to asbestosis,,,,,,,,,,,,
,143,Iraq,603,Gynecological diseases,,,,,6419,Heart failure due to calcific aortic valve disease,,,,,,,,,,,,
,144,Jordan,604,Uterine fibroids,,,,,6422,Heart failure due to Coal workers pneumoconiosis,,,,,,,,,,,,
,145,Kuwait,605,Polycystic ovarian syndrome,,,,,6425,Heart failure due to degenerative mitral valve disease,,,,,,,,,,,,
,146,Lebanon,606,Female infertility,,,,,6428,Heart failure due to endocarditis ,,,,,,,,,,,,
,147,Libya,607,Endometriosis,,,,,6431,"Heart failure due to endocrine, metabolic, blood, and immune disorders",,,,,,,,,,,,
,148,Morocco,608,Genital prolapse,,,,,6437,Heart failure due to interstitial lung disease and pulmonary sarcoidosis ,,,,,,,,,,,,
,149,Palestine,609,Premenstrual syndrome,,,,,6443,Heart failure due to ischemic heart disease,,,,,,,,,,,,
,150,Oman,612,Other gynecological diseases,,,,,6446,Heart failure due to myocarditis,,,,,,,,,,,,
,151,Qatar,613,Hemoglobinopathies and hemolytic anemias,,,,,808,Other sexually transmitted diseases residual,,,,,,,,,,,,
,152,Saudi Arabia,614,Thalassemias,,,,,809,Asymptomatic atrial fibrillation and flutter,,,,,,,,,,,,
,522,Sudan,837,Thalassemias trait,,,,,830,Asymptomatic asthma,,,,,,,,,,,,
,153,Syria,615,Sickle cell disorders,,,,,6800,Single ventricle and single ventricle pathway congenital heart anomalies,,,,,,,,,,,,
,154,Tunisia,838,Sickle cell trait,,,,,6803,Skin disease due to onchocerciasis,,,,,,,,,,,,
,155,Turkey,616,G6PD deficiency,,,,,6806,Spina bifida due to neural tube defects,,,,,,,,,,,,
,156,United Arab Emirates,839,G6PD trait,,,,,6812,Stage III chronic kidney disease due to diabetes mellitus type 1,,,,,,,,,,,,
,157,Yemen,618,Other hemoglobinopathies and hemolytic anemias,,,,,6815,Stage III chronic kidney disease due to diabetes mellitus type 2,,,,,,,,,,,,
,158,South Asia,619,"Endocrine, metabolic, blood, and immune disorders",,,,,6818,Stage III chronic kidney disease due to glomerulonephritis,,,,,,,,,,,,
,159,South Asia,680,Oral disorders,,,,,6821,Stage III chronic kidney disease due to hypertension,,,,,,,,,,,,
,161,Bangladesh,681,Caries of deciduous teeth,,,,,6824,Stage III chronic kidney disease due to other causes,,,,,,,,,,,,
,162,Bhutan,682,Caries of permanent teeth,,,,,6827,Stage IV chronic kidney disease due to diabetes mellitus type 1 ,,,,,,,,,,,,
,163,India,683,Periodontal diseases,,,,,6830,Stage IV chronic kidney disease due to diabetes mellitus type 2,,,,,,,,,,,,
,164,Nepal,684,Edentulism and severe tooth loss,,,,,6833,Stage IV chronic kidney disease due to glomerulonephritis,,,,,,,,,,,,
,165,Pakistan,685,Other oral disorders,,,,,6836,Stage IV chronic kidney disease due to hypertension,,,,,,,,,,,,
,4,"Southeast Asia, East Asia, and Oceania",686,Sudden infant death syndrome,,,,,6839,Stage IV chronic kidney disease due to other causes,,,,,,,,,,,,
,5,East Asia,687,Injuries,,,,,6842,Stage V chronic kidney disease due to diabetes mellitus type 1 ,,,,,,,,,,,,
,6,China,688,Transport injuries,,,,,6845,Stage V chronic kidney disease due to diabetes mellitus type 2,,,,,,,,,,,,
,7,North Korea,689,Road injuries,,,,,6848,Stage V chronic kidney disease due to glomerulonephritis,,,,,,,,,,,,
,8,Taiwan,690,Pedestrian road injuries,,,,,1040,Asymptomatic ischemic heart disease following myocardial infarction,,,,,,,,,,,,
,21,Oceania,691,Cyclist road injuries,,,,,1041,Symptomatic claudication due to peripheral arterial disease,,,,,,,,,,,,
,298,American Samoa,692,Motorcyclist road injuries,,,,,22811,Congenital diaphragmatic hernia,,,,,,,,,,,,
,25,Federated States of Micronesia,693,Motor vehicle road injuries,,,,,22814,Congenital atresia and/or stenosis of the digestive tract,,,,,,,,,,,,
,22,Fiji,694,Other road injuries,,,,,22817,Congenital malformations of the abdominal wall after treatment,,,,,,,,,,,,
,351,Guam,695,Other transport injuries,,,,,22820,Other congenital malformations of the digestive tract,,,,,,,,,,,,
,23,Kiribati,696,Unintentional injuries,,,,,22847,Other sexually transmitted diseases,,,,,,,,,,,,
,24,Marshall Islands,697,Falls,,,,,22853,Diabetic neuropathy due to diabetes mellitus type 1,,,,,,,,,,,,
,376,Northern Mariana Islands,698,Drowning,,,,,22856,Diabetic neuropathy due to diabetes mellitus type 2,,,,,,,,,,,,
,26,Papua New Guinea,699,"Fire, heat, and hot substances",,,,,5321,Mild heart failure due to other non-rheumatic valve disease,,,,,,,,,,,,
,27,Samoa,700,Poisonings,,,,,5324,Moderate heart failure due to other non-rheumatic valve disease,,,,,,,,,,,,
,28,Solomon Islands,701,Poisoning by carbon monoxide,,,,,5327,Severe heart failure due to other non-rheumatic valve disease,,,,,,,,,,,,
,29,Tonga,703,Poisoning by other means,,,,,5417,Diagnosis and primary therapy phase of liver cancer due to NASH,,,,,,,,,,,,
,30,Vanuatu,704,Exposure to mechanical forces,,,,,5420,Controlled phase of liver cancer due to NASH,,,,,,,,,,,,
,9,Southeast Asia,705,Unintentional firearm injuries,,,,,5423,Metastatic phase of liver cancer due to NASH,,,,,,,,,,,,
,10,Cambodia,707,Other exposure to mechanical forces,,,,,5426,Terminal phase of liver cancer due to NASH,,,,,,,,,,,,
,11,Indonesia,708,Adverse effects of medical treatment,,,,,7004,Viral warts,,,,,,,,,,,,
,4709,Aceh,709,Animal contact,,,,,7007,Molluscum contagiosum,,,,,,,,,,,,
,4726,Bali,710,Venomous animal contact,,,,,22751,Vision loss due to diabetes mellitus type 2 retinopathy,,,,,,,,,,,,
,4717,Bangka-Belitung Islands,711,Non-venomous animal contact,,,,,22799,Polydactyly and syndactyly,,,,,,,,,,,,
,4725,Banten,712,Foreign body,,,,,6398,Gonococcal infection complications,,,,,,,,,,,,
,4715,Bengkulu,713,Pulmonary aspiration and foreign body in airway,,,,,6401,Gonorrhoea episode,,,,,,,,,,,,
,4737,Gorontalo,714,Foreign body in eyes,,,,,6410,Hearing loss due to other congenital anomalies,,,,,,,,,,,,
,4720,Jakarta,715,Foreign body in other body part,,,,,22685,Malaria parasitemia,,,,,,,,,,,,
,4713,Jambi,842,Environmental heat and cold exposure,,,,,22703,Visible goiter with complications,,,,,,,,,,,,
,4721,West Java,729,Exposure to forces of nature,,,,,22706,Acute peptic ulcer disease,,,,,,,,,,,,
,4722,Central Java,716,Other unintentional injuries,,,,,22709,Chronic peptic ulcer disease,,,,,,,,,,,,
,4724,East Java,717,Self-harm and interpersonal violence,,,,,22712,Acute gastritis and duodenitis,,,,,,,,,,,,
,4729,West Kalimantan,718,Self-harm,,,,,22715,Chronic gastritis and duodenitis,,,,,,,,,,,,
,4731,South Kalimantan,721,Self-harm by firearm,,,,,22724,Chronic pancreatitis,,,,,,,,,,,,
,4730,Central Kalimantan,723,Self-harm by other specified means,,,,,22748,Vision loss due to diabetes mellitus type 1 retinopathy,,,,,,,,,,,,
,4732,East Kalimantan,724,Interpersonal violence,,,,,6173,Asbestosis without heart failure,,,,,,,,,,,,
,4719,North Kalimantan,725,Physical violence by firearm,,,,,6176,Ascariasis complications,,,,,,,,,,,,
,4718,Riau Islands,726,Physical violence by sharp object,,,,,6182,Asymptomatic food-borne tremodiases,,,,,,,,,,,,
,4716,Lampung,941,Sexual violence,,,,,6239,Chlamydia episode,,,,,,,,,,,,
,4739,Maluku,727,Physical violence by other means,,,,,6242,Chlamydial infection complications,,,,,,,,,,,,
,4740,North Maluku,945,Conflict and terrorism,,,,,6245,Chronic intracerebral hemorrhage,,,,,,,,,,,,
,4727,West Nusa Tenggara,854,Executions and police conflict,,,,,6248,Chronic ischemic stroke,,,,,,,,,,,,
,4728,East Nusa Tenggara,,,,,,,6257,Chronic obstructive pulmonary disease with heart failure,,,,,,,,,,,,
,4742,Papua,,,,,,,6260,Chronic obstructive pulmonary disease without heart failure,,,,,,,,,,,,
,4741,West Papua,,,,,,,6263,Chronic otitis media,,,,,,,,,,,,
,4712,Riau,,,,,,,6266,Chronic subarachnoid hemorrhage,,,,,,,,,,,,
,4738,West Sulawesi,,,,,,,6269,Cirrhosis and other chronic liver diseases due to NASH,,,,,,,,,,,,
,4735,South Sulawesi,,,,,,,6275,Coal workers pneumoconiosis without heart failure,,,,,,,,,,,,
,4734,Central Sulawesi,,,,,,,6290,"Critical malformations of great vessels, congenital valvular heart disease and patent ductus arteriosus",,,,,,,,,,,,
,4736,Southeast Sulawesi,,,,,,,6299,Dengue episode,,,,,,,,,,,,
,4733,North Sulawesi,,,,,,,6308,Diarrheal disease episode,,,,,,,,,,,,
,4711,West Sumatra,,,,,,,6326,Early syphilis ,,,,,,,,,,,,
,4714,South Sumatra,,,,,,,6338,Encephalocoele due to neural tube defects,,,,,,,,,,,,
,4710,North Sumatra,,,,,,,6341,End-stage chronic kidney disease due to diabetes mellitus type 1,,,,,,,,,,,,
,4723,Yogyakarta,,,,,,,6344,End-stage chronic kidney disease due to diabetes mellitus type 2,,,,,,,,,,,,
,12,Laos,,,,,,,6347,End-stage chronic kidney disease due to glomerulonephritis,,,,,,,,,,,,
,13,Malaysia,,,,,,,6350,End-stage chronic kidney disease due to hypertension,,,,,,,,,,,,
,14,Maldives,,,,,,,6353,End-stage chronic kidney disease due to other causes,,,,,,,,,,,,
,183,Mauritius,,,,,,,6356,"Endocrine, metabolic, blood, and immune disorders",,,,,,,,,,,,
,15,Myanmar,,,,,,,6368,Fetal alcohol syndrome,,,,,,,,,,,,
,16,Philippines,,,,,,,6371,Food-borne tremodiases complications,,,,,,,,,,,,
,17,Sri Lanka,,,,,,,,,,,,,,,,,,,,
,186,Seychelles,,,,,,,,,,,,,,,,,,,,
,18,Thailand,,,,,,,,,,,,,,,,,,,,
,19,Timor-Leste,,,,,,,,,,,,,,,,,,,,
,20,Vietnam,,,,,,,,,,,,,,,,,,,,
,166,Sub-Saharan Africa,,,,,,,,,,,,,,,,,,,,
,167,Central Sub-Saharan Africa,,,,,,,,,,,,,,,,,,,,
,168,Angola,,,,,,,,,,,,,,,,,,,,
,169,Central African Republic,,,,,,,,,,,,,,,,,,,,
,170,Congo,,,,,,,,,,,,,,,,,,,,
,171,Democratic Republic of the Congo,,,,,,,,,,,,,,,,,,,,
,172,Equatorial Guinea,,,,,,,,,,,,,,,,,,,,
,173,Gabon,,,,,,,,,,,,,,,,,,,,
,174,Eastern Sub-Saharan Africa,,,,,,,,,,,,,,,,,,,,
,175,Burundi,,,,,,,,,,,,,,,,,,,,
,176,Comoros,,,,,,,,,,,,,,,,,,,,
,177,Djibouti,,,,,,,,,,,,,,,,,,,,
,178,Eritrea,,,,,,,,,,,,,,,,,,,,
,179,Ethiopia,,,,,,,,,,,,,,,,,,,,
,180,Kenya,,,,,,,,,,,,,,,,,,,,
,181,Madagascar,,,,,,,,,,,,,,,,,,,,
,182,Malawi,,,,,,,,,,,,,,,,,,,,
,184,Mozambique,,,,,,,,,,,,,,,,,,,,
,185,Rwanda,,,,,,,,,,,,,,,,,,,,
,187,Somalia,,,,,,,,,,,,,,,,,,,,
,435,South Sudan,,,,,,,,,,,,,,,,,,,,
,189,Tanzania,,,,,,,,,,,,,,,,,,,,
,190,Uganda,,,,,,,,,,,,,,,,,,,,
,191,Zambia,,,,,,,,,,,,,,,,,,,,
,192,Southern Sub-Saharan Africa,,,,,,,,,,,,,,,,,,,,
,193,Botswana,,,,,,,,,,,,,,,,,,,,
,194,Lesotho,,,,,,,,,,,,,,,,,,,,
,195,Namibia,,,,,,,,,,,,,,,,,,,,
,196,South Africa,,,,,,,,,,,,,,,,,,,,
,197,Swaziland,,,,,,,,,,,,,,,,,,,,
,198,Zimbabwe,,,,,,,,,,,,,,,,,,,,
,199,Western Sub-Saharan Africa,,,,,,,,,,,,,,,,,,,,
,200,Benin,,,,,,,,,,,,,,,,,,,,
,201,Burkina Faso,,,,,,,,,,,,,,,,,,,,
,202,Cameroon,,,,,,,,,,,,,,,,,,,,
,203,Cape Verde,,,,,,,,,,,,,,,,,,,,
,204,Chad,,,,,,,,,,,,,,,,,,,,
,205,Cote d'Ivoire,,,,,,,,,,,,,,,,,,,,
,206,The Gambia,,,,,,,,,,,,,,,,,,,,
,207,Ghana,,,,,,,,,,,,,,,,,,,,
,208,Guinea,,,,,,,,,,,,,,,,,,,,
,209,Guinea-Bissau,,,,,,,,,,,,,,,,,,,,
,210,Liberia,,,,,,,,,,,,,,,,,,,,
,211,Mali,,,,,,,,,,,,,,,,,,,,
,212,Mauritania,,,,,,,,,,,,,,,,,,,,
,213,Niger,,,,,,,,,,,,,,,,,,,,
,214,Nigeria,,,,,,,,,,,,,,,,,,,,
,215,Sao Tome and Principe,,,,,,,,,,,,,,,,,,,,
,216,Senegal,,,,,,,,,,,,,,,,,,,,
,217,Sierra Leone,,,,,,,,,,,,,,,,,,,,
,218,Togo,,,,,,,,,,,,,,,,,,,,
,44587,African Union,,,,,,,,,,,,,,,,,,,,
,44534,Commonwealth,,,,,,,,,,,,,,,,,,,,
,44535,Commonwealth High Income,,,,,,,,,,,,,,,,,,,,
,44536,Commonwealth Middle Income,,,,,,,,,,,,,,,,,,,,
,44537,Commonwealth Low Income,,,,,,,,,,,,,,,,,,,,
,4743,European Union,,,,,,,,,,,,,,,,,,,,
,44590,Four World Regions,,,,,,,,,,,,,,,,,,,,
,44559,Africa,,,,,,,,,,,,,,,,,,,,
,44560,America,,,,,,,,,,,,,,,,,,,,
,44561,Asia,,,,,,,,,,,,,,,,,,,,
,44562,Europe,,,,,,,,,,,,,,,,,,,,
,44586,G20,,,,,,,,,,,,,,,,,,,,
,44642,Nordic Region,,,,,,,,,,,,,,,,,,,,
,44584,OECD Countries,,,,,,,,,,,,,,,,,,,,
,479,WHO region,,,,,,,,,,,,,,,,,,,,
,44563,African Region,,,,,,,,,,,,,,,,,,,,
,44567,Eastern Mediterranean Region,,,,,,,,,,,,,,,,,,,,
,44566,European Region,,,,,,,,,,,,,,,,,,,,
,44564,Region of the Americas,,,,,,,,,,,,,,,,,,,,
,44565,South-East Asia Region,,,,,,,,,,,,,,,,,,,,
,44568,Western Pacific Region,,,,,,,,,,,,,,,,,,,,
,44591,World Bank Income Levels,,,,,,,,,,,,,,,,,,,,
,44575,World Bank High Income,,,,,,,,,,,,,,,,,,,,
,44578,World Bank Low Income,,,,,,,,,,,,,,,,,,,,
,44577,World Bank Lower Middle Income,,,,,,,,,,,,,,,,,,,,
,44576,World Bank Upper Middle Income,,,,,,,,,,,,,,,,,,,,
,478,World Bank Regions,,,,,,,,,,,,,,,,,,,,
,239,East Asia & Pacific - WB,,,,,,,,,,,,,,,,,,,,
,240,Europe & Central Asia - WB,,,,,,,,,,,,,,,,,,,,
,241,Latin America & Caribbean - WB,,,,,,,,,,,,,,,,,,,,
,243,Middle East & North Africa - WB,,,,,,,,,,,,,,,,,,,,
,44638,North America,,,,,,,,,,,,,,,,,,,,
,244,South Asia - WB,,,,,,,,,,,,,,,,,,,,
,242,Sub-Saharan Africa - WB,,,,,,,,,,,,,,,,,,,,
