Least Happiest 10 Countries,,,
Country Name,Indicator Name,Indicator Code,Population
Central African Republic,"Population, total",SP.POP.TOTL,4596028
Burundi,"Population, total",SP.POP.TOTL,10827024
Tanzania,"Population, total",SP.POP.TOTL,54663906
Syria,"Population, total",SP.POP.TOTL,17068002
Rwanda,"Population, total",SP.POP.TOTL,11980937
Togo,"Population, total",SP.POP.TOTL,7698475
Guinea,"Population, total",SP.POP.TOTL,12067539
Liberia,"Population, total",SP.POP.TOTL,4702228
South Sudan,"Population, total",SP.POP.TOTL,10910759
"Yemen, Rep.","Population, total",SP.POP.TOTL,27834821
Haiti,"Population, total",SP.POP.TOTL,10982366